Metric,Value
Historical VaR (95%),-0.9857975285079545
Historical CVaR (95%),-0.989011846307713
